Id,Nombre,Apellido,Tipo de pasajero,CÛdigo de vuelo,Precio
1,Lou,Gonz√°lez,FirstClass,BA2491A,10000.000000
2,Ulrike,Mu√±oz,FirstClass,IB0800A,25000.000000
3,Brade,Rojas,FirstClass,MM0987B,20000.000000
4,Kimbell,D√≠az,FirstClass,BA2491A,50000.000000
5,Sheelagh,P√©rez,FirstClass,IB0800A,18000.000000
6,Gayle,Soto,FirstClass,MM0987B,30000.000000
7,Kimberlee,Contreras,FirstClass,BA2491A,33000.000000
8,Henrieta,Silva,FirstClass,IB0800A,30000.000000
9,Jeanine,Mart√≠nez,FirstClass,MM0987B,18000.000000
10,Aggie,Sep√∫lveda,FirstClass,BA2491A,15000.000000
11,Brandea,Morales,FirstClass,IB0800A,15000.000000
12,Cordelie,Rodr√≠guez,FirstClass,IB0800A,50000.000000
13,Shel,L√≥pez,FirstClass,MM0987B,50000.000000
14,Bronnie,Fuentes,FirstClass,MM0987B,20000.000000
15,Megen,Hern√°ndez,FirstClass,BA2491A,10000.000000
16,Iver,Torres,FirstClass,BA2491A,12000.000000
17,Ernesta,Araya,FirstClass,BA2491A,37000.000000
18,Cirillo,Flores,FirstClass,MM0987B,50000.000000
19,Park,Espinoza,FirstClass,MM0987B,30000.000000
20,Bellanca,Valenzuela,FirstClass,BA2491A,15000.000000
21,Bobbye,Castillo,FirstClass,BA2491A,15000.000000
22,Eugene,Tapia,FirstClass,BA2491A,50000.000000
23,Johnny,Reyes,FirstClass,MM0987B,33000.000000
24,Reagen,Guti√©rrez,FirstClass,MM0987B,42000.000000
25,Braden,Castro,FirstClass,MM0987B,25000.000000
26,Karim,Pizarro,FirstClass,MM0987B,25000.000000
27,Anthea,√Ålvarez,FirstClass,MM0987B,42000.000000
28,Doro,V√°squez,FirstClass,IB0800A,33000.000000
29,Gaye,S√°nchez,FirstClass,IB0800A,37000.000000
30,Toby,Fern√°ndez,FirstClass,IB0800A,15000.000000
31,Franny,Ram√≠rez,FirstClass,IB0800A,15000.000000
32,Katey,Carrasco,FirstClass,MM0987B,42000.000000
33,Earle,G√≥mez,FirstClass,BA2491A,10000.000000
34,Redd,Cort√©s,FirstClass,BA2491A,42000.000000
35,Jehanna,Herrera,FirstClass,BA2491A,50000.000000
36,Cristie,N√∫√±ez,FirstClass,BA2491A,10000.000000
37,Stefa,Jara,FirstClass,BA2491A,42000.000000
38,Roda,Vergara,FirstClass,MM0987B,25000.000000
39,Alfredo,Rivera,FirstClass,MM0987B,10000.000000
40,Sydney,Figueroa,FirstClass,MM0987B,10000.000000
41,Brnaba,Riquelme,FirstClass,MM0987B,30000.000000
42,Ame,Garc√≠a,ExecutiveClass,BA2491A,50000.000000
43,Bradney,Miranda,ExecutiveClass,BA2491A,25000.000000
44,Margarete,Bravo,ExecutiveClass,BA2491A,50000.000000
45,Nikoletta,Vera,FirstClass,MM0987B,50000.000000
46,Lonnard,Molina,FirstClass,IB0800A,50000.000000
47,Raine,Vega,FirstClass,IB0800A,30000.000000
48,Noella,Campos,FirstClass,IB0800A,15000.000000
49,Dagmar,Sandoval,FirstClass,IB0800A,25000.000000
50,Carroll,Orellana,FirstClass,IB0800A,42000.000000
51,Marion,C√°rdenas,FirstClass,IB0800A,50000.000000
52,Carline,Olivares,FirstClass,IB0800A,12000.000000
53,Hyacinthie,Alarc√≥n,FirstClass,MM0987B,15000.000000
54,Julina,Gallardo,FirstClass,MM0987B,33000.000000
55,Corina,Ortiz,FirstClass,MM0987B,37000.000000
56,Bernardine,Garrido,FirstClass,MM0987B,33000.000000
57,Homer,Salazar,FirstClass,MM0987B,18000.000000
58,Lianna,Guzm√°n,FirstClass,MM0987B,12000.000000
59,Celene,Henr√≠quez,FirstClass,MM0987B,50000.000000
60,Kori,Saavedra,FirstClass,MM0987B,50000.000000
61,Deeyn,Navarro,FirstClass,MM0987B,20000.000000
62,Marysa,Aguilera,FirstClass,MM0987B,20000.000000
63,Loy,Parra,FirstClass,MM0987B,15000.000000
64,Gabbey,Romero,FirstClass,MM0987B,37000.000000
65,Star,Aravena,FirstClass,MM0987B,33000.000000
66,Dominica,Vargas,FirstClass,IB0800A,33000.000000
67,Blanch,V√°zquez,FirstClass,IB0800A,15000.000000
68,Cristobal,C√°ceres,FirstClass,IB0800A,15000.000000
69,Paulita,Y√°√±ez,FirstClass,IB0800A,50000.000000
70,Sayre,Leiva,FirstClass,IB0800A,33000.000000
71,Shaughn,Escobar,FirstClass,IB0800A,15000.000000
72,Katrine,Ruiz,FirstClass,IB0800A,25000.000000
73,Cristi,Vald√©s,FirstClass,IB0800A,42000.000000
74,Cristie,Vidal,ExecutiveClass,IB0800A,25000.000000
75,Solomon,Salinas,ExecutiveClass,IB0800A,10000.000000
76,Nananne,Z√∫√±iga,ExecutiveClass,IB0800A,33000.000000
77,Sacha,Pe√±a,ExecutiveClass,IB0800A,25000.000000
78,Morse,Godoy,ExecutiveClass,IB0800A,25000.000000
79,Roland,Lagos,ExecutiveClass,IB0800A,25000.000000
80,Jesselyn,Maldonado,ExecutiveClass,IB0800A,30000.000000
81,Kylila,Bustos,ExecutiveClass,IB0800A,12000.000000
82,Kendre,Medina,ExecutiveClass,IB0800A,25000.000000
83,Lesya,Pino,ExecutiveClass,IB0800A,15000.000000
84,Tatiania,Palma,ExecutiveClass,IB0800A,20000.000000
85,Trenton,Moreno,ExecutiveClass,IB0800A,12000.000000
86,Angie,Sanhueza,FirstClass,MM0987B,20000.000000
87,Joelle,Carvajal,FirstClass,MM0987B,37000.000000
88,George,Navarrete,ExecutiveClass,MM0987B,30000.000000
89,Guenevere,S√°ez,ExecutiveClass,MM0987B,30000.000000
90,Margaretha,Alvarado,ExecutiveClass,MM0987B,10000.000000
91,Sully,Donoso,ExecutiveClass,MM0987B,15000.000000
92,Lonni,Poblete,ExecutiveClass,MM0987B,50000.000000
93,Nicky,Bustamante,ExecutiveClass,MM0987B,42000.000000
94,My,Toro,ExecutiveClass,MM0987B,18000.000000
95,Kyrstin,Ortega,ExecutiveClass,IB0800A,37000.000000
96,Martino,Venegas,ExecutiveClass,IB0800A,15000.000000
97,Marcellus,Guerrero,ExecutiveClass,IB0800A,50000.000000
98,Jacquelin,Mendoza,ExecutiveClass,IB0800A,30000.000000
99,Aleda,Far√≠as,ExecutiveClass,IB0800A,50000.000000
100,Georgeta,San Mart√≠n,ExecutiveClass,IB0800A,10000.000000
101,Marcille,Gonz√°lez,ExecutiveClass,IB0800A,10000.000000
102,Ertha,Fern√°ndez,ExecutiveClass,IB0800A,10000.000000
103,Desiri,Rodr√≠guez,ExecutiveClass,MM0987B,25000.000000
104,Geneva,L√≥pez,ExecutiveClass,MM0987B,33000.000000
105,Kilian,Mart√≠nez,ExecutiveClass,MM0987B,42000.000000
106,Nance,S√°nchez,ExecutiveClass,MM0987B,10000.000000
107,Gaven,P√©rez,ExecutiveClass,MM0987B,10000.000000
108,Carlie,G√≥mez,ExecutiveClass,MM0987B,10000.000000
109,Trixie,Mart√≠n,ExecutiveClass,IB0800A,42000.000000
110,Dominick,Jim√©nez,ExecutiveClass,IB0800A,30000.000000
111,Petey,Ruiz,ExecutiveClass,IB0800A,15000.000000
112,Tersina,Hern√°ndez,ExecutiveClass,IB0800A,30000.000000
113,Johnathon,D√≠az,ExecutiveClass,IB0800A,15000.000000
114,Freddie,Moreno,ExecutiveClass,IB0800A,12000.000000
115,Harmon,√Ålvarez,ExecutiveClass,IB0800A,50000.000000
116,Tracey,Mu√±oz,ExecutiveClass,IB0800A,20000.000000
117,Cherrita,Romero,ExecutiveClass,MM0987B,33000.000000
118,Stu,Alonso,ExecutiveClass,MM0987B,12000.000000
119,Glenda,Guti√©rrez,ExecutiveClass,MM0987B,37000.000000
120,Lorettalorna,Navarro,ExecutiveClass,MM0987B,25000.000000
121,Patrizio,Torres,ExecutiveClass,IB0800A,15000.000000
122,Linda,Dom√≠nguez,ExecutiveClass,IB0800A,30000.000000
123,Pippa,V√°zquez,ExecutiveClass,IB0800A,20000.000000
124,Pen,Ramos,EconomyClass,IB0800A,18000.000000
125,Esteban,Gonz√°lez,EconomyClass,IB0800A,15000.000000
126,Fonzie,Mu√±oz,EconomyClass,IB0800A,15000.000000
127,Cindelyn,Rojas,EconomyClass,IB0800A,12000.000000
128,Zacharie,D√≠az,ExecutiveClass,BA2491A,30000.000000
129,Vina,P√©rez,ExecutiveClass,BA2491A,42000.000000
130,Omero,Soto,ExecutiveClass,BA2491A,10000.000000
131,Tom,Contreras,ExecutiveClass,BA2491A,33000.000000
132,Dante,Silva,ExecutiveClass,BA2491A,30000.000000
133,Cordy,Mart√≠nez,ExecutiveClass,BA2491A,18000.000000
134,Stephenie,Sep√∫lveda,ExecutiveClass,BA2491A,50000.000000
135,Dunstan,Morales,ExecutiveClass,BA2491A,20000.000000
136,Gideon,Rodr√≠guez,ExecutiveClass,BA2491A,15000.000000
137,Johnette,L√≥pez,ExecutiveClass,BA2491A,10000.000000
138,Brynn,Fuentes,ExecutiveClass,BA2491A,50000.000000
139,Yankee,Hern√°ndez,ExecutiveClass,BA2491A,42000.000000
140,Corbin,Torres,ExecutiveClass,BA2491A,42000.000000
141,Coreen,Araya,EconomyClass,IB0800A,18000.000000
142,Tanya,Flores,EconomyClass,IB0800A,30000.000000
143,Jenna,Espinoza,EconomyClass,IB0800A,25000.000000
144,Flora,Valenzuela,EconomyClass,IB0800A,33000.000000
145,Dianna,Castillo,EconomyClass,IB0800A,20000.000000
146,Armand,Tapia,EconomyClass,IB0800A,15000.000000
147,Gustie,Reyes,EconomyClass,IB0800A,42000.000000
148,Benton,Guti√©rrez,EconomyClass,IB0800A,12000.000000
149,Lena,Castro,EconomyClass,IB0800A,25000.000000
150,Dot,Pizarro,EconomyClass,IB0800A,18000.000000
151,Meryl,√Ålvarez,EconomyClass,IB0800A,12000.000000
152,Babbie,V√°squez,EconomyClass,IB0800A,15000.000000
153,Byram,S√°nchez,EconomyClass,IB0800A,42000.000000
154,Bertine,Fern√°ndez,EconomyClass,IB0800A,25000.000000
155,Osbert,Ram√≠rez,EconomyClass,IB0800A,42000.000000
156,Tanny,Carrasco,EconomyClass,IB0800A,42000.000000
157,Maryjo,G√≥mez,EconomyClass,IB0800A,12000.000000
158,Clarie,Cort√©s,EconomyClass,IB0800A,42000.000000
159,Kipp,Herrera,EconomyClass,IB0800A,15000.000000
160,Leonie,N√∫√±ez,EconomyClass,IB0800A,50000.000000
161,Ferdie,Jara,EconomyClass,IB0800A,15000.000000
162,Ofella,Vergara,EconomyClass,IB0800A,50000.000000
163,Pascale,Rivera,EconomyClass,IB0800A,15000.000000
164,Cathrin,Figueroa,EconomyClass,IB0800A,30000.000000
165,Sib,Riquelme,EconomyClass,IB0800A,33000.000000
166,Darleen,Garc√≠a,EconomyClass,IB0800A,42000.000000
167,Didi,Miranda,EconomyClass,IB0800A,15000.000000
168,Lodovico,Bravo,EconomyClass,IB0800A,18000.000000
169,Farley,Vera,EconomyClass,IB0800A,12000.000000
170,Devi,Molina,EconomyClass,IB0800A,25000.000000
171,Clair,Vega,EconomyClass,IB0800A,37000.000000
172,Addy,Campos,EconomyClass,IB0800A,33000.000000
173,Brandon,Sandoval,EconomyClass,IB0800A,18000.000000
174,Prentiss,Orellana,EconomyClass,IB0800A,30000.000000
175,Lorant,C√°rdenas,ExecutiveClass,MM0987B,50000.000000
176,Wanids,Olivares,ExecutiveClass,MM0987B,30000.000000
177,Robbi,Alarc√≥n,ExecutiveClass,MM0987B,10000.000000
178,Mellicent,Gallardo,ExecutiveClass,MM0987B,50000.000000
179,Lynea,Ortiz,ExecutiveClass,MM0987B,20000.000000
180,Nial,Garrido,ExecutiveClass,MM0987B,15000.000000
181,Guillaume,Salazar,ExecutiveClass,MM0987B,37000.000000
182,Loutitia,Guzm√°n,ExecutiveClass,MM0987B,25000.000000
183,Ruthe,Henr√≠quez,ExecutiveClass,MM0987B,30000.000000
184,Eric,Saavedra,ExecutiveClass,MM0987B,50000.000000
185,Marcellus,Navarro,ExecutiveClass,MM0987B,30000.000000
186,Ian,Aguilera,ExecutiveClass,MM0987B,42000.000000
187,Sebastien,Parra,ExecutiveClass,MM0987B,37000.000000
188,Scarface,Romero,ExecutiveClass,MM0987B,50000.000000
189,Maible,Aravena,ExecutiveClass,MM0987B,18000.000000
190,Waldon,Vargas,ExecutiveClass,MM0987B,30000.000000
191,Bethina,V√°zquez,ExecutiveClass,MM0987B,15000.000000
192,Farand,C√°ceres,ExecutiveClass,MM0987B,42000.000000
193,Zolly,Y√°√±ez,ExecutiveClass,MM0987B,25000.000000
194,Philipa,Leiva,FirstClass,TU6789B,42000.000000
195,Roderigo,Escobar,ExecutiveClass,BA2491A,20000.000000
196,Otho,Ruiz,ExecutiveClass,BA2491A,20000.000000
197,Alasteir,Vald√©s,ExecutiveClass,BA2491A,20000.000000
198,Eleonora,Vidal,EconomyClass,BA2491A,42000.000000
199,Eliot,Salinas,EconomyClass,BA2491A,12000.000000
200,Alana,Z√∫√±iga,EconomyClass,BA2491A,30000.000000
201,Odey,Pe√±a,EconomyClass,BA2491A,20000.000000
202,Yorke,Godoy,EconomyClass,BA2491A,15000.000000
203,Cissiee,Lagos,EconomyClass,BA2491A,18000.000000
204,Jillana,Maldonado,EconomyClass,BA2491A,18000.000000
205,Mallorie,Bustos,FirstClass,TU6789B,30000.000000
206,Borden,Medina,FirstClass,TU6789B,12000.000000
207,Maddie,Pino,FirstClass,TU6789B,33000.000000
208,Weider,Palma,FirstClass,TU6789B,50000.000000
209,Asia,Moreno,FirstClass,TU6789B,37000.000000
210,Sayres,Sanhueza,FirstClass,TU6789B,10000.000000
211,Marcile,Carvajal,FirstClass,TU6789B,30000.000000
212,Thomasina,Navarrete,FirstClass,TU6789B,42000.000000
213,Darwin,S√°ez,FirstClass,TU6789B,18000.000000
214,Nicolina,Alvarado,FirstClass,TU6789B,30000.000000
215,Nita,Donoso,FirstClass,TU6789B,12000.000000
216,Nikoletta,Poblete,FirstClass,TU6789B,12000.000000
217,Dwight,Bustamante,FirstClass,TU6789B,42000.000000
218,Romola,Toro,FirstClass,TU6789B,50000.000000
219,Kaile,Ortega,FirstClass,TU6789B,33000.000000
220,Mozes,Venegas,FirstClass,TU6789B,25000.000000
221,Aylmer,Guerrero,FirstClass,TU6789B,33000.000000
222,Marina,Mendoza,FirstClass,TU6789B,12000.000000
223,Enrico,Far√≠as,FirstClass,TU6789B,50000.000000
224,Zonda,San Mart√≠n,FirstClass,TU6789B,33000.000000
225,Adriano,Gonz√°lez,FirstClass,TU6789B,33000.000000
226,Trula,Fern√°ndez,FirstClass,TU6789B,30000.000000
227,Adel,Rodr√≠guez,FirstClass,TU6789B,30000.000000
228,Jeniece,L√≥pez,FirstClass,TU6789B,15000.000000
229,Tabina,Mart√≠nez,FirstClass,TU6789B,10000.000000
230,Liana,S√°nchez,FirstClass,TU6789B,33000.000000
231,Marmaduke,P√©rez,EconomyClass,BA2491A,10000.000000
232,Alla,G√≥mez,EconomyClass,BA2491A,30000.000000
233,Peter,Mart√≠n,EconomyClass,BA2491A,12000.000000
234,Pietro,Jim√©nez,EconomyClass,BA2491A,18000.000000
235,Hiram,Ruiz,EconomyClass,BA2491A,20000.000000
236,Anastasia,Hern√°ndez,EconomyClass,BA2491A,18000.000000
237,Cathleen,D√≠az,FirstClass,TU6789B,10000.000000
238,Leeanne,Moreno,FirstClass,TU6789B,15000.000000
239,Chet,√Ålvarez,FirstClass,TU6789B,42000.000000
240,Billie,Mu√±oz,FirstClass,TU6789B,37000.000000
241,Alexandra,Romero,FirstClass,TU6789B,42000.000000
242,Broddie,Alonso,ExecutiveClass,TU6789B,42000.000000
243,Brigham,Guti√©rrez,ExecutiveClass,TU6789B,25000.000000
244,Cal,Navarro,ExecutiveClass,TU6789B,42000.000000
245,Donal,Torres,ExecutiveClass,TU6789B,18000.000000
246,Adam,Dom√≠nguez,ExecutiveClass,TU6789B,20000.000000
247,Dotty,V√°zquez,ExecutiveClass,TU6789B,42000.000000
248,Maynard,Ramos,ExecutiveClass,TU6789B,18000.000000
249,Jessee,Gonz√°lez,ExecutiveClass,TU6789B,30000.000000
250,Tiphani,Mu√±oz,ExecutiveClass,TU6789B,42000.000000
251,Jenna,Rojas,ExecutiveClass,TU6789B,30000.000000
252,Karlotte,D√≠az,EconomyClass,BA2491A,20000.000000
253,Norene,P√©rez,EconomyClass,BA2491A,25000.000000
254,Morris,Soto,EconomyClass,BA2491A,10000.000000
255,Yuri,Contreras,EconomyClass,BA2491A,25000.000000
256,Gusty,Silva,EconomyClass,BA2491A,10000.000000
257,Jori,Mart√≠nez,EconomyClass,BA2491A,12000.000000
258,Sydelle,Sep√∫lveda,EconomyClass,BA2491A,30000.000000
259,Merrile,Morales,EconomyClass,BA2491A,50000.000000
260,Tadd,Rodr√≠guez,ExecutiveClass,TU6789B,50000.000000
261,Josiah,L√≥pez,ExecutiveClass,TU6789B,10000.000000
262,Melisa,Fuentes,ExecutiveClass,TU6789B,12000.000000
263,Orelee,Hern√°ndez,ExecutiveClass,TU6789B,20000.000000
264,Stephen,Torres,ExecutiveClass,TU6789B,37000.000000
265,Blair,Araya,ExecutiveClass,TU6789B,50000.000000
266,Arel,Flores,ExecutiveClass,TU6789B,30000.000000
267,Abbie,Espinoza,ExecutiveClass,TU6789B,25000.000000
268,Channa,Valenzuela,ExecutiveClass,TU6789B,50000.000000
269,Shirl,Castillo,ExecutiveClass,TU6789B,20000.000000
270,Edlin,Tapia,ExecutiveClass,TU6789B,20000.000000
271,Larina,Reyes,ExecutiveClass,TU6789B,18000.000000
272,Duncan,Guti√©rrez,ExecutiveClass,TU6789B,37000.000000
273,Bond,Castro,ExecutiveClass,TU6789B,10000.000000
274,Dyann,Pizarro,ExecutiveClass,TU6789B,50000.000000
275,Charmian,√Ålvarez,ExecutiveClass,TU6789B,15000.000000
276,Dru,V√°squez,ExecutiveClass,TU6789B,50000.000000
277,Kiel,S√°nchez,ExecutiveClass,TU6789B,50000.000000
278,Emory,Fern√°ndez,ExecutiveClass,TU6789B,15000.000000
279,Alberik,Ram√≠rez,ExecutiveClass,TU6789B,50000.000000
280,Koenraad,Carrasco,ExecutiveClass,TU6789B,20000.000000
281,Rafaellle,G√≥mez,ExecutiveClass,TU6789B,50000.000000
282,Edie,Cort√©s,ExecutiveClass,TU6789B,25000.000000
283,Osbert,Herrera,ExecutiveClass,TU6789B,15000.000000
284,Sidonia,N√∫√±ez,ExecutiveClass,TU6789B,10000.000000
285,Bartel,Jara,ExecutiveClass,TU6789B,37000.000000
286,Jodi,Vergara,EconomyClass,BA2491A,30000.000000
287,Ofelia,Rivera,EconomyClass,BA2491A,30000.000000
288,Dudley,Figueroa,EconomyClass,BA2491A,42000.000000
289,Dulcea,Riquelme,EconomyClass,BA2491A,25000.000000
290,Gordon,Garc√≠a,EconomyClass,BA2491A,25000.000000
291,Chalmers,Miranda,EconomyClass,BA2491A,10000.000000
292,Christiano,Bravo,EconomyClass,BA2491A,50000.000000
293,Russell,Vera,EconomyClass,BA2491A,50000.000000
294,Cleo,Molina,EconomyClass,BA2491A,50000.000000
295,Catriona,Vega,ExecutiveClass,TU6789B,42000.000000
296,Leigh,Campos,ExecutiveClass,TU6789B,37000.000000
297,Ddene,Sandoval,ExecutiveClass,TU6789B,12000.000000
298,Sayre,Orellana,EconomyClass,TU6789B,18000.000000
299,Jody,C√°rdenas,EconomyClass,TU6789B,33000.000000
300,Zabrina,Olivares,EconomyClass,TU6789B,12000.000000
301,Cos,Alarc√≥n,EconomyClass,TU6789B,30000.000000
302,Ron,Gallardo,EconomyClass,TU6789B,20000.000000
303,Charin,Ortiz,EconomyClass,TU6789B,12000.000000
304,Coleman,Garrido,EconomyClass,TU6789B,33000.000000
305,Jacinda,Salazar,EconomyClass,TU6789B,50000.000000
306,Silvan,Guzm√°n,EconomyClass,TU6789B,12000.000000
307,Renie,Henr√≠quez,EconomyClass,TU6789B,33000.000000
308,Davide,Saavedra,EconomyClass,TU6789B,42000.000000
309,Ernestus,Navarro,EconomyClass,TU6789B,12000.000000
310,Brnaba,Aguilera,EconomyClass,TU6789B,37000.000000
311,Tabor,Parra,EconomyClass,TU6789B,37000.000000
312,Lenci,Romero,EconomyClass,TU6789B,42000.000000
313,Franchot,Aravena,EconomyClass,TU6789B,12000.000000
314,Charisse,Vargas,EconomyClass,TU6789B,50000.000000
315,Timothea,V√°zquez,EconomyClass,TU6789B,20000.000000
316,Angelika,C√°ceres,EconomyClass,BA2491A,50000.000000
317,Web,Y√°√±ez,EconomyClass,BA2491A,37000.000000
318,Urban,Leiva,EconomyClass,BA2491A,10000.000000
319,Fan,Escobar,EconomyClass,BA2491A,18000.000000
320,Donaugh,Ruiz,EconomyClass,BA2491A,12000.000000
321,Wilona,Vald√©s,EconomyClass,BA2491A,25000.000000
322,Richard,Vidal,EconomyClass,BA2491A,42000.000000
323,Hilary,Salinas,EconomyClass,BA2491A,37000.000000
324,Ad,Z√∫√±iga,EconomyClass,BA2491A,33000.000000
325,Maynord,Pe√±a,EconomyClass,BA2491A,42000.000000
326,Lina,Godoy,EconomyClass,TU6789B,12000.000000
327,Nerty,Lagos,EconomyClass,TU6789B,20000.000000
328,Matias,Maldonado,EconomyClass,TU6789B,33000.000000
329,Urbano,Bustos,EconomyClass,TU6789B,50000.000000
330,Rosemarie,Medina,EconomyClass,TU6789B,33000.000000
331,Booth,Pino,EconomyClass,TU6789B,15000.000000
332,Eden,Palma,EconomyClass,TU6789B,18000.000000
333,Cornie,Moreno,EconomyClass,TU6789B,15000.000000
334,Isak,Sanhueza,EconomyClass,TU6789B,20000.000000
335,Rand,Carvajal,EconomyClass,TU6789B,20000.000000
336,Dominique,Navarrete,EconomyClass,TU6789B,37000.000000
337,Lira,S√°ez,EconomyClass,TU6789B,30000.000000
338,Filbert,Alvarado,EconomyClass,TU6789B,20000.000000
339,Nona,Donoso,EconomyClass,TU6789B,30000.000000
340,Melloney,Poblete,EconomyClass,TU6789B,33000.000000
341,Rafaello,Bustamante,EconomyClass,TU6789B,37000.000000
342,Floria,Toro,EconomyClass,TU6789B,12000.000000
343,Johannes,Ortega,EconomyClass,TU6789B,18000.000000
344,Genevra,Venegas,EconomyClass,TU6789B,10000.000000
345,Aldric,Guerrero,EconomyClass,TU6789B,50000.000000
346,Janeta,Mendoza,EconomyClass,TU6789B,10000.000000
347,Tarra,Far√≠as,EconomyClass,TU6789B,12000.000000
348,Jefferey,San Mart√≠n,EconomyClass,TU6789B,33000.000000
349,Cassie,Gonz√°lez,EconomyClass,TU6789B,50000.000000
350,Maiga,Fern√°ndez,EconomyClass,TU6789B,20000.000000
351,Heddi,Rodr√≠guez,EconomyClass,TU6789B,20000.000000
352,Marieann,L√≥pez,EconomyClass,TU6789B,50000.000000
353,Carita,Mart√≠nez,EconomyClass,TU6789B,42000.000000
354,Kurtis,S√°nchez,EconomyClass,TU6789B,50000.000000
355,Wilfred,P√©rez,EconomyClass,TU6789B,20000.000000
356,Isabelle,G√≥mez,EconomyClass,TU6789B,20000.000000
357,Nisse,Mart√≠n,EconomyClass,TU6789B,37000.000000
358,Ula,Jim√©nez,EconomyClass,TU6789B,50000.000000
359,Tully,Ruiz,EconomyClass,TU6789B,18000.000000
360,Honor,Hern√°ndez,EconomyClass,TU6789B,30000.000000
361,Sinclair,D√≠az,EconomyClass,TU6789B,50000.000000
362,Buddy,Moreno,EconomyClass,TU6789B,50000.000000
363,Neilla,√Ålvarez,EconomyClass,TU6789B,50000.000000
364,Junie,Mu√±oz,EconomyClass,TU6789B,20000.000000
365,Neely,Romero,EconomyClass,TU6789B,20000.000000
366,Klarrisa,Alonso,EconomyClass,TU6789B,18000.000000
367,Maryellen,Guti√©rrez,EconomyClass,TU6789B,37000.000000
368,Clywd,Navarro,EconomyClass,TU6789B,33000.000000
369,Deni,Torres,EconomyClass,TU6789B,42000.000000
370,Ingrim,Dom√≠nguez,EconomyClass,TU6789B,30000.000000
371,Franni,V√°zquez,EconomyClass,TU6789B,42000.000000
372,Andy,Ramos,EconomyClass,TU6789B,37000.000000
373,Veronica,Gonz√°lez,EconomyClass,TU6789B,42000.000000
374,Dalis,Mu√±oz,EconomyClass,TU6789B,42000.000000
375,Nanni,Rojas,EconomyClass,BA2491A,25000.000000
376,Vikky,D√≠az,EconomyClass,BA2491A,15000.000000
377,Hussein,P√©rez,EconomyClass,BA2491A,25000.000000
378,Brigg,Soto,EconomyClass,BA2491A,10000.000000
379,Crawford,Contreras,EconomyClass,BA2491A,12000.000000
380,Fran,Silva,EconomyClass,BA2491A,30000.000000
381,Silas,Mart√≠nez,EconomyClass,BA2491A,15000.000000
382,Alister,Sep√∫lveda,EconomyClass,BA2491A,33000.000000
383,George,Morales,EconomyClass,TU6789B,15000.000000
384,Nonnah,Rodr√≠guez,EconomyClass,TU6789B,25000.000000
385,Gayel,L√≥pez,EconomyClass,TU6789B,20000.000000
386,Demeter,Fuentes,EconomyClass,TU6789B,10000.000000
387,Juliann,Hern√°ndez,EconomyClass,TU6789B,50000.000000
388,Shauna,Torres,EconomyClass,TU6789B,25000.000000
389,Anna-maria,Araya,EconomyClass,TU6789B,42000.000000
390,Ag,Flores,EconomyClass,TU6789B,50000.000000
391,Sherwin,Espinoza,ExecutiveClass,MM0987B,50000.000000
392,Vikki,Valenzuela,ExecutiveClass,MM0987B,33000.000000
393,Barret,Castillo,ExecutiveClass,MM0987B,10000.000000
394,Gaelan,Tapia,ExecutiveClass,MM0987B,25000.000000
395,Livy,Reyes,ExecutiveClass,MM0987B,20000.000000
396,Iorgos,Guti√©rrez,ExecutiveClass,MM0987B,18000.000000
397,Charil,Castro,ExecutiveClass,MM0987B,33000.000000
398,Easter,Pizarro,ExecutiveClass,MM0987B,30000.000000
399,Esdras,√Ålvarez,ExecutiveClass,MM0987B,37000.000000
400,Prince,V√°squez,EconomyClass,MM0987B,25000.000000
401,Vail,S√°nchez,EconomyClass,MM0987B,33000.000000
402,Rachel,Fern√°ndez,EconomyClass,MM0987B,12000.000000
403,Bar,Ram√≠rez,EconomyClass,TU6789B,20000.000000
404,Willa,Carrasco,EconomyClass,TU6789B,30000.000000
405,Amerigo,G√≥mez,EconomyClass,TU6789B,33000.000000
406,Fredric,Cort√©s,EconomyClass,TU6789B,50000.000000
407,Mikael,Herrera,EconomyClass,TU6789B,50000.000000
408,Benson,N√∫√±ez,EconomyClass,TU6789B,20000.000000
409,Sileas,Jara,EconomyClass,TU6789B,20000.000000
410,Fidelia,Vergara,EconomyClass,TU6789B,12000.000000
411,Frayda,Rivera,EconomyClass,TU6789B,30000.000000
412,Babita,Figueroa,EconomyClass,TU6789B,30000.000000
413,Clair,Riquelme,EconomyClass,TU6789B,42000.000000
414,Morie,Garc√≠a,EconomyClass,TU6789B,12000.000000
415,Skylar,Miranda,EconomyClass,TU6789B,20000.000000
416,Dennie,Bravo,EconomyClass,TU6789B,42000.000000
417,Sibley,Vera,EconomyClass,TU6789B,20000.000000
418,Addia,Molina,EconomyClass,TU6789B,20000.000000
419,Ed,Vega,EconomyClass,TU6789B,18000.000000
420,Lothaire,Campos,EconomyClass,TU6789B,12000.000000
421,Neila,Sandoval,EconomyClass,TU6789B,15000.000000
422,Jennifer,Orellana,FirstClass,GU2345F,15000.000000
423,Keelby,C√°rdenas,FirstClass,GU2345F,15000.000000
424,Chuck,Olivares,FirstClass,GU2345F,33000.000000
425,Jordan,Alarc√≥n,FirstClass,GU2345F,33000.000000
426,Minnnie,Gallardo,FirstClass,GU2345F,20000.000000
427,Carine,Ortiz,FirstClass,GU2345F,33000.000000
428,Kelly,Garrido,FirstClass,GU2345F,37000.000000
429,Coleman,Salazar,FirstClass,GU2345F,25000.000000
430,Pincus,Guzm√°n,FirstClass,GU2345F,42000.000000
431,Smitty,Henr√≠quez,FirstClass,GU2345F,15000.000000
432,Wade,Saavedra,FirstClass,GU2345F,12000.000000
433,Emmit,Navarro,FirstClass,GU2345F,12000.000000
434,Brietta,Aguilera,FirstClass,GU2345F,42000.000000
435,Wesley,Parra,FirstClass,GU2345F,10000.000000
436,Felicdad,Romero,FirstClass,GU2345F,18000.000000
437,Any,Aravena,FirstClass,GU2345F,18000.000000
438,Gardie,Vargas,FirstClass,GU2345F,12000.000000
439,Leelah,V√°zquez,FirstClass,GU2345F,25000.000000
440,Garold,C√°ceres,FirstClass,GU2345F,20000.000000
441,Regine,Y√°√±ez,FirstClass,GU2345F,10000.000000
442,Tam,Leiva,ExecutiveClass,GU2345F,20000.000000
443,Davon,Escobar,ExecutiveClass,GU2345F,20000.000000
444,Chrissy,Ruiz,ExecutiveClass,GU2345F,18000.000000
445,Ozzie,Vald√©s,ExecutiveClass,GU2345F,20000.000000
446,Rina,Vidal,ExecutiveClass,GU2345F,20000.000000
447,Guy,Salinas,ExecutiveClass,GU2345F,42000.000000
448,Lenora,Z√∫√±iga,ExecutiveClass,GU2345F,18000.000000
449,Julietta,Pe√±a,ExecutiveClass,GU2345F,42000.000000
450,Alexandr,Godoy,ExecutiveClass,GU2345F,18000.000000
451,Margalit,Lagos,ExecutiveClass,GU2345F,15000.000000
452,Samara,Maldonado,ExecutiveClass,GU2345F,50000.000000
453,Portie,Bustos,ExecutiveClass,GU2345F,15000.000000
454,Korella,Medina,ExecutiveClass,GU2345F,33000.000000
455,Hilly,Pino,ExecutiveClass,GU2345F,30000.000000
456,Leeanne,Palma,ExecutiveClass,GU2345F,10000.000000
457,Arnaldo,Moreno,ExecutiveClass,GU2345F,10000.000000
458,Kassi,Sanhueza,ExecutiveClass,GU2345F,37000.000000
459,Karen,Carvajal,ExecutiveClass,GU2345F,20000.000000
460,Mac,Navarrete,ExecutiveClass,GU2345F,20000.000000
461,Anthia,S√°ez,ExecutiveClass,GU2345F,37000.000000
462,Marsiella,Alvarado,ExecutiveClass,GU2345F,20000.000000
463,Shea,Donoso,ExecutiveClass,GU2345F,12000.000000
464,Liana,Poblete,ExecutiveClass,GU2345F,15000.000000
465,Carley,Bustamante,ExecutiveClass,GU2345F,12000.000000
466,Carlye,Toro,ExecutiveClass,GU2345F,37000.000000
467,Svend,Ortega,ExecutiveClass,GU2345F,25000.000000
468,Kendell,Venegas,ExecutiveClass,GU2345F,25000.000000
469,Chrisy,Guerrero,ExecutiveClass,GU2345F,15000.000000
470,Rod,Mendoza,ExecutiveClass,GU2345F,50000.000000
471,Ramsay,Far√≠as,ExecutiveClass,GU2345F,20000.000000
472,Saidee,San Mart√≠n,ExecutiveClass,GU2345F,50000.000000
473,Erek,Gonz√°lez,ExecutiveClass,GU2345F,10000.000000
474,Salomi,Fern√°ndez,ExecutiveClass,GU2345F,10000.000000
475,Coletta,Rodr√≠guez,ExecutiveClass,GU2345F,50000.000000
476,Abigael,L√≥pez,ExecutiveClass,GU2345F,12000.000000
477,Mariele,Mart√≠nez,EconomyClass,GU2345F,33000.000000
478,Brooke,S√°nchez,EconomyClass,GU2345F,20000.000000
479,Benita,P√©rez,EconomyClass,GU2345F,25000.000000
480,Marissa,G√≥mez,EconomyClass,GU2345F,37000.000000
481,Lionello,Mart√≠n,EconomyClass,GU2345F,37000.000000
482,Tori,Jim√©nez,EconomyClass,GU2345F,42000.000000
483,Micheil,Ruiz,EconomyClass,GU2345F,37000.000000
484,Kym,Hern√°ndez,EconomyClass,GU2345F,20000.000000
485,Melisse,D√≠az,EconomyClass,GU2345F,10000.000000
486,Bartholomew,Moreno,EconomyClass,GU2345F,33000.000000
487,Rorie,√Ålvarez,EconomyClass,GU2345F,25000.000000
488,Hedvige,Mu√±oz,EconomyClass,GU2345F,37000.000000
489,Dorothea,Romero,EconomyClass,GU2345F,15000.000000
490,Tamarah,Alonso,EconomyClass,GU2345F,50000.000000
491,Skipton,Guti√©rrez,EconomyClass,GU2345F,10000.000000
492,Minny,Navarro,EconomyClass,GU2345F,33000.000000
493,Joshia,Torres,EconomyClass,GU2345F,33000.000000
494,Mirilla,Dom√≠nguez,EconomyClass,GU2345F,30000.000000
495,Willey,V√°zquez,EconomyClass,GU2345F,15000.000000
496,Conrado,Ramos,EconomyClass,GU2345F,50000.000000
497,Fredia,Gonz√°lez,EconomyClass,GU2345F,30000.000000
498,Gretchen,Mu√±oz,EconomyClass,GU2345F,12000.000000
499,Bibbie,Rojas,EconomyClass,GU2345F,37000.000000
500,Warren,D√≠az,EconomyClass,GU2345F,25000.000000
501,Gabi,P√©rez,EconomyClass,GU2345F,30000.000000
502,Callie,Soto,EconomyClass,GU2345F,50000.000000
503,Patton,Contreras,EconomyClass,GU2345F,15000.000000
504,Karie,Silva,EconomyClass,GU2345F,25000.000000
505,Martguerita,Mart√≠nez,EconomyClass,GU2345F,50000.000000
506,Lothaire,Sep√∫lveda,EconomyClass,GU2345F,20000.000000
507,Patrice,Morales,EconomyClass,GU2345F,37000.000000
508,Lin,Rodr√≠guez,EconomyClass,MM0987B,12000.000000
509,Cornie,L√≥pez,EconomyClass,MM0987B,42000.000000
510,Irena,Fuentes,EconomyClass,MM0987B,20000.000000
511,Markos,Hern√°ndez,EconomyClass,MM0987B,20000.000000
512,Bird,Torres,EconomyClass,MM0987B,18000.000000
513,Lorna,Araya,EconomyClass,MM0987B,42000.000000
514,Vincents,Flores,EconomyClass,MM0987B,25000.000000
515,Torrey,Espinoza,EconomyClass,GU2345F,42000.000000
516,Pernell,Valenzuela,EconomyClass,GU2345F,50000.000000
517,Danya,Castillo,EconomyClass,GU2345F,25000.000000
518,Erda,Tapia,EconomyClass,GU2345F,37000.000000
519,Ethe,Reyes,EconomyClass,GU2345F,20000.000000
520,Coop,Guti√©rrez,EconomyClass,GU2345F,37000.000000
521,Sheridan,Castro,EconomyClass,GU2345F,50000.000000
522,Charles,Pizarro,EconomyClass,GU2345F,42000.000000
523,Eddy,√Ålvarez,EconomyClass,GU2345F,12000.000000
524,Janey,V√°squez,EconomyClass,GU2345F,42000.000000
525,Edan,S√°nchez,EconomyClass,GU2345F,20000.000000
526,Homer,Fern√°ndez,EconomyClass,GU2345F,10000.000000
527,Eveline,Ram√≠rez,EconomyClass,GU2345F,37000.000000
528,Helen-elizabeth,Carrasco,EconomyClass,GU2345F,20000.000000
529,Daveta,G√≥mez,EconomyClass,GU2345F,20000.000000
530,Mort,Cort√©s,EconomyClass,GU2345F,42000.000000
531,Maxi,Herrera,EconomyClass,GU2345F,37000.000000
532,Nathalie,N√∫√±ez,EconomyClass,GU2345F,37000.000000
533,Dennison,Jara,EconomyClass,GU2345F,25000.000000
534,Bunnie,Vergara,EconomyClass,GU2345F,33000.000000
535,Frans,Rivera,EconomyClass,BA2491A,33000.000000
536,Delmar,Figueroa,EconomyClass,BA2491A,42000.000000
537,Ced,Riquelme,EconomyClass,BA2491A,20000.000000
538,Caren,Garc√≠a,EconomyClass,BA2491A,12000.000000
539,Christie,Miranda,EconomyClass,BA2491A,18000.000000
540,Saunders,Bravo,EconomyClass,BA2491A,25000.000000
541,Deny,Vera,EconomyClass,GU2345F,18000.000000
542,Gene,Molina,EconomyClass,GU2345F,15000.000000
543,Margeaux,Vega,EconomyClass,GU2345F,18000.000000
544,Prisca,Campos,EconomyClass,GU2345F,18000.000000
545,Domini,Sandoval,EconomyClass,GU2345F,18000.000000
546,Henrie,Orellana,EconomyClass,GU2345F,50000.000000
547,Marj,C√°rdenas,EconomyClass,GU2345F,18000.000000
548,Mab,Olivares,EconomyClass,GU2345F,25000.000000
549,Josiah,Alarc√≥n,EconomyClass,GU2345F,12000.000000
550,Mathe,Gallardo,EconomyClass,GU2345F,12000.000000
551,Gauthier,Ortiz,EconomyClass,GU2345F,12000.000000
552,Delmore,Garrido,EconomyClass,GU2345F,33000.000000
553,Lynett,Salazar,EconomyClass,GU2345F,37000.000000
554,Lucais,Guzm√°n,EconomyClass,GU2345F,42000.000000
555,Clarice,Henr√≠quez,EconomyClass,GU2345F,33000.000000
556,Aeriela,Saavedra,EconomyClass,GU2345F,37000.000000
557,Babbie,Navarro,EconomyClass,GU2345F,15000.000000
558,Caren,Aguilera,EconomyClass,GU2345F,15000.000000
559,Jessamine,Parra,EconomyClass,GU2345F,18000.000000
560,Hesther,Romero,EconomyClass,GU2345F,15000.000000
561,Sasha,Aravena,EconomyClass,GU2345F,15000.000000
562,Erica,Vargas,EconomyClass,GU2345F,10000.000000
563,Keith,V√°zquez,EconomyClass,GU2345F,10000.000000
564,Briney,C√°ceres,EconomyClass,GU2345F,12000.000000
565,Rutherford,Y√°√±ez,EconomyClass,GU2345F,15000.000000
566,Lemmie,Leiva,EconomyClass,GU2345F,18000.000000
567,Dur,Escobar,EconomyClass,GU2345F,25000.000000
568,Modesta,Ruiz,EconomyClass,GU2345F,33000.000000
569,Carter,Vald√©s,EconomyClass,GU2345F,33000.000000
570,Retha,Vidal,EconomyClass,GU2345F,15000.000000
571,Carma,Salinas,EconomyClass,GU2345F,33000.000000
572,Antonella,Z√∫√±iga,EconomyClass,GU2345F,15000.000000
573,Sutherlan,Pe√±a,EconomyClass,GU2345F,10000.000000
574,Phillipe,Godoy,EconomyClass,GU2345F,37000.000000
575,Florida,Lagos,FirstClass,HY4567D,37000.000000
576,Corrina,Maldonado,FirstClass,HY4567D,15000.000000
577,Adrianne,Bustos,FirstClass,HY4567D,10000.000000
578,Scarlett,Medina,FirstClass,HY4567D,20000.000000
579,Shel,Pino,FirstClass,HY4567D,25000.000000
580,Delaney,Palma,FirstClass,HY4567D,50000.000000
581,Tiphani,Moreno,FirstClass,HY4567D,33000.000000
582,Grier,Sanhueza,FirstClass,HY4567D,42000.000000
583,Annabell,Carvajal,FirstClass,HY4567D,15000.000000
584,Basil,Navarrete,FirstClass,HY4567D,12000.000000
585,Horatius,S√°ez,FirstClass,HY4567D,18000.000000
586,Umeko,Alvarado,FirstClass,HY4567D,30000.000000
587,Hayes,Donoso,FirstClass,HY4567D,10000.000000
588,Lynnette,Poblete,FirstClass,HY4567D,37000.000000
589,Hesther,Bustamante,FirstClass,HY4567D,33000.000000
590,Trumaine,Toro,FirstClass,HY4567D,15000.000000
591,Emlyn,Ortega,FirstClass,HY4567D,50000.000000
592,Corabelle,Venegas,FirstClass,HY4567D,37000.000000
593,Vic,Guerrero,FirstClass,HY4567D,25000.000000
594,Cyndia,Mendoza,FirstClass,HY4567D,33000.000000
595,Gray,Far√≠as,FirstClass,HY4567D,42000.000000
596,Dylan,San Mart√≠n,FirstClass,HY4567D,30000.000000
597,Isabelle,Gonz√°lez,FirstClass,HY4567D,20000.000000
598,Eachelle,Fern√°ndez,FirstClass,HY4567D,37000.000000
599,Howard,Rodr√≠guez,FirstClass,HY4567D,18000.000000
600,Cornall,L√≥pez,FirstClass,HY4567D,18000.000000
601,Emmalee,Mart√≠nez,FirstClass,HY4567D,18000.000000
602,Brian,S√°nchez,FirstClass,HY4567D,20000.000000
603,Cahra,P√©rez,ExecutiveClass,HY4567D,50000.000000
604,Arvin,G√≥mez,ExecutiveClass,HY4567D,50000.000000
605,Minda,Mart√≠n,ExecutiveClass,HY4567D,15000.000000
606,Dedie,Jim√©nez,ExecutiveClass,HY4567D,33000.000000
607,Lydia,Ruiz,ExecutiveClass,HY4567D,15000.000000
608,Joshia,Hern√°ndez,ExecutiveClass,HY4567D,25000.000000
609,Bernita,D√≠az,ExecutiveClass,HY4567D,15000.000000
610,Sayre,Moreno,ExecutiveClass,HY4567D,33000.000000
611,Pearla,√Ålvarez,ExecutiveClass,HY4567D,20000.000000
612,Fidole,Mu√±oz,ExecutiveClass,HY4567D,30000.000000
613,Evin,Romero,ExecutiveClass,HY4567D,12000.000000
614,Fredia,Alonso,ExecutiveClass,HY4567D,20000.000000
615,Idalina,Guti√©rrez,ExecutiveClass,HY4567D,50000.000000
616,Hetti,Navarro,ExecutiveClass,HY4567D,30000.000000
617,Kirk,Torres,ExecutiveClass,HY4567D,30000.000000
618,Orson,Dom√≠nguez,ExecutiveClass,HY4567D,25000.000000
619,Lyndsay,V√°zquez,ExecutiveClass,HY4567D,42000.000000
620,Lissy,Ramos,ExecutiveClass,HY4567D,37000.000000
621,Odessa,Gonz√°lez,ExecutiveClass,HY4567D,50000.000000
622,Hestia,Mu√±oz,ExecutiveClass,HY4567D,18000.000000
623,Dorotea,Rojas,ExecutiveClass,HY4567D,10000.000000
624,Giraud,D√≠az,ExecutiveClass,HY4567D,15000.000000
625,Tonya,P√©rez,ExecutiveClass,HY4567D,37000.000000
626,Menard,Soto,ExecutiveClass,HY4567D,37000.000000
627,Nicola,Contreras,ExecutiveClass,HY4567D,12000.000000
628,Maddy,Silva,ExecutiveClass,HY4567D,25000.000000
629,Mace,Mart√≠nez,ExecutiveClass,HY4567D,18000.000000
630,Lyndy,Sep√∫lveda,ExecutiveClass,HY4567D,37000.000000
631,Ivonne,Morales,ExecutiveClass,HY4567D,20000.000000
632,Josepha,Rodr√≠guez,EconomyClass,HY4567D,20000.000000
633,Shandra,L√≥pez,EconomyClass,HY4567D,50000.000000
634,Viva,Fuentes,EconomyClass,HY4567D,25000.000000
635,Sherwin,Hern√°ndez,EconomyClass,HY4567D,10000.000000
636,Abigail,Torres,EconomyClass,HY4567D,18000.000000
637,Rosalia,Araya,EconomyClass,HY4567D,18000.000000
638,Merissa,Flores,EconomyClass,HY4567D,25000.000000
639,Marylee,Espinoza,EconomyClass,HY4567D,50000.000000
640,Wolfy,Valenzuela,EconomyClass,HY4567D,33000.000000
641,Maia,Castillo,EconomyClass,HY4567D,10000.000000
642,Elinor,Tapia,EconomyClass,HY4567D,33000.000000
643,Neron,Reyes,EconomyClass,HY4567D,42000.000000
644,Malachi,Guti√©rrez,EconomyClass,HY4567D,25000.000000
645,Sarajane,Castro,EconomyClass,HY4567D,10000.000000
646,Arlie,Pizarro,EconomyClass,HY4567D,42000.000000
647,Felike,√Ålvarez,EconomyClass,HY4567D,12000.000000
648,Ethan,V√°squez,EconomyClass,HY4567D,12000.000000
649,Ruthy,S√°nchez,EconomyClass,HY4567D,20000.000000
650,Hugo,Fern√°ndez,EconomyClass,HY4567D,30000.000000
651,Thorndike,Ram√≠rez,EconomyClass,HY4567D,10000.000000
652,Cesaro,Carrasco,EconomyClass,HY4567D,30000.000000
653,Harmonia,G√≥mez,EconomyClass,HY4567D,12000.000000
654,Damara,Cort√©s,EconomyClass,HY4567D,12000.000000
655,Maddy,Herrera,EconomyClass,HY4567D,25000.000000
656,Filmer,N√∫√±ez,EconomyClass,HY4567D,50000.000000
657,Boothe,Jara,EconomyClass,HY4567D,12000.000000
658,Dorrie,Vergara,EconomyClass,HY4567D,42000.000000
659,Willdon,Rivera,EconomyClass,HY4567D,10000.000000
660,Cindi,Figueroa,EconomyClass,HY4567D,12000.000000
661,Shermie,Riquelme,EconomyClass,HY4567D,12000.000000
662,Byrom,Garc√≠a,EconomyClass,HY4567D,42000.000000
663,Millie,Miranda,EconomyClass,HY4567D,15000.000000
664,Natassia,Bravo,EconomyClass,HY4567D,42000.000000
665,Wheeler,Vera,EconomyClass,HY4567D,25000.000000
666,Caritta,Molina,EconomyClass,HY4567D,12000.000000
667,Kennan,Vega,EconomyClass,HY4567D,12000.000000
668,Katina,Campos,EconomyClass,HY4567D,20000.000000
669,Beverlee,Sandoval,EconomyClass,HY4567D,25000.000000
670,Arlette,Orellana,EconomyClass,HY4567D,30000.000000
671,Jacqueline,C√°rdenas,EconomyClass,HY4567D,50000.000000
672,Sheila-kathryn,Olivares,EconomyClass,HY4567D,10000.000000
673,Lambert,Alarc√≥n,EconomyClass,HY4567D,42000.000000
674,Lamont,Gallardo,EconomyClass,HY4567D,33000.000000
675,Immanuel,Ortiz,EconomyClass,HY4567D,33000.000000
676,Nani,Garrido,EconomyClass,HY4567D,50000.000000
677,Galen,Salazar,EconomyClass,HY4567D,50000.000000
678,Nilson,Guzm√°n,EconomyClass,HY4567D,10000.000000
679,Tomi,Henr√≠quez,EconomyClass,HY4567D,50000.000000
680,Flore,Saavedra,EconomyClass,HY4567D,30000.000000
681,Burgess,Navarro,EconomyClass,HY4567D,12000.000000
682,Tally,Aguilera,EconomyClass,HY4567D,42000.000000
683,Jaquenette,Parra,EconomyClass,HY4567D,25000.000000
684,Sly,Romero,EconomyClass,HY4567D,42000.000000
685,Yul,Aravena,EconomyClass,HY4567D,30000.000000
686,Rosalyn,Vargas,EconomyClass,HY4567D,37000.000000
687,Devondra,V√°zquez,EconomyClass,HY4567D,10000.000000
688,Xenos,C√°ceres,EconomyClass,HY4567D,37000.000000
689,Terrence,Y√°√±ez,EconomyClass,HY4567D,42000.000000
690,Krystyna,Leiva,EconomyClass,HY4567D,50000.000000
691,Krishna,Escobar,EconomyClass,HY4567D,50000.000000
692,Zorina,Ruiz,EconomyClass,HY4567D,18000.000000
693,Baxy,Vald√©s,EconomyClass,HY4567D,20000.000000
694,Terrie,Vidal,EconomyClass,HY4567D,42000.000000
695,Justino,Salinas,EconomyClass,HY4567D,18000.000000
696,Erhard,Z√∫√±iga,EconomyClass,HY4567D,33000.000000
697,Robbie,Pe√±a,EconomyClass,HY4567D,30000.000000
698,Paddie,Godoy,EconomyClass,HY4567D,33000.000000
699,Evelyn,Lagos,EconomyClass,HY4567D,10000.000000
700,Abbot,Maldonado,EconomyClass,HY4567D,33000.000000
701,Tedra,Bustos,EconomyClass,HY4567D,33000.000000
702,Rikki,Medina,EconomyClass,HY4567D,12000.000000
703,Alverta,Pino,EconomyClass,HY4567D,25000.000000
704,Pauly,Palma,EconomyClass,HY4567D,30000.000000
705,Ariella,Moreno,EconomyClass,HY4567D,12000.000000
706,Lia,Sanhueza,EconomyClass,HY4567D,20000.000000
707,Petronille,Carvajal,EconomyClass,HY4567D,42000.000000
708,Merle,Navarrete,EconomyClass,HY4567D,10000.000000
709,Hagan,S√°ez,EconomyClass,HY4567D,50000.000000
710,Nikolaus,Alvarado,EconomyClass,HY4567D,30000.000000
711,Cinda,Donoso,EconomyClass,HY4567D,42000.000000
712,Matelda,Poblete,EconomyClass,HY4567D,18000.000000
713,Roslyn,Bustamante,EconomyClass,HY4567D,25000.000000
714,Jerrylee,Toro,EconomyClass,HY4567D,10000.000000
715,Lucky,Ortega,EconomyClass,IB0800A,42000.000000
716,Elita,Venegas,EconomyClass,IB0800A,18000.000000
717,Hyacinthia,Guerrero,EconomyClass,IB0800A,25000.000000
718,Fina,Mendoza,EconomyClass,IB0800A,42000.000000
719,Kamila,Far√≠as,EconomyClass,IB0800A,42000.000000
720,Jennie,San Mart√≠n,EconomyClass,IB0800A,42000.000000
721,Riobard,Gonz√°lez,EconomyClass,IB0800A,42000.000000
722,Joannes,Fern√°ndez,EconomyClass,IB0800A,10000.000000
723,Darlene,Rodr√≠guez,EconomyClass,IB0800A,42000.000000
724,Zia,L√≥pez,EconomyClass,IB0800A,42000.000000
725,Cristina,Mart√≠nez,EconomyClass,IB0800A,15000.000000
726,Jonathon,S√°nchez,EconomyClass,IB0800A,50000.000000
727,Rickie,P√©rez,EconomyClass,IB0800A,42000.000000
728,Klara,G√≥mez,EconomyClass,IB0800A,50000.000000
729,Osbert,Mart√≠n,EconomyClass,IB0800A,33000.000000
730,Emmet,Jim√©nez,EconomyClass,IB0800A,37000.000000
731,Cassandry,Ruiz,EconomyClass,IB0800A,33000.000000
732,Enrica,Hern√°ndez,EconomyClass,IB0800A,18000.000000
733,Evvy,D√≠az,EconomyClass,IB0800A,42000.000000
734,Silas,Moreno,EconomyClass,IB0800A,20000.000000
735,Kaia,√Ålvarez,EconomyClass,IB0800A,25000.000000
736,Arvie,Mu√±oz,EconomyClass,IB0800A,15000.000000
737,Keith,Romero,FirstClass,FR5678G,20000.000000
738,Silvie,Alonso,FirstClass,FR5678G,12000.000000
739,Winnifred,Guti√©rrez,FirstClass,FR5678G,10000.000000
740,Chen,Navarro,FirstClass,FR5678G,37000.000000
741,Carleton,Torres,FirstClass,FR5678G,15000.000000
742,Silvano,Dom√≠nguez,FirstClass,FR5678G,12000.000000
743,Pancho,V√°zquez,FirstClass,FR5678G,18000.000000
744,Melonie,Ramos,FirstClass,FR5678G,33000.000000
745,Gordon,Gonz√°lez,FirstClass,FR5678G,12000.000000
746,Rosemarie,Mu√±oz,FirstClass,FR5678G,10000.000000
747,Graehme,Rojas,FirstClass,FR5678G,18000.000000
748,Mitchael,D√≠az,FirstClass,FR5678G,33000.000000
749,Carola,P√©rez,FirstClass,FR5678G,10000.000000
750,Zsa zsa,Soto,FirstClass,FR5678G,20000.000000
751,Jude,Contreras,FirstClass,FR5678G,12000.000000
752,Arch,Silva,FirstClass,FR5678G,33000.000000
753,Andrej,Mart√≠nez,FirstClass,FR5678G,50000.000000
754,Amber,Sep√∫lveda,FirstClass,FR5678G,42000.000000
755,Dorian,Morales,FirstClass,FR5678G,15000.000000
756,Kaitlynn,Rodr√≠guez,FirstClass,FR5678G,15000.000000
757,Kerianne,L√≥pez,FirstClass,FR5678G,37000.000000
758,Boycie,Fuentes,FirstClass,FR5678G,18000.000000
759,Nanete,Hern√°ndez,FirstClass,FR5678G,37000.000000
760,Sidonia,Torres,FirstClass,FR5678G,10000.000000
761,Galvan,Araya,FirstClass,FR5678G,33000.000000
762,Lucienne,Flores,FirstClass,FR5678G,25000.000000
763,Davidson,Espinoza,FirstClass,FR5678G,37000.000000
764,Roslyn,Valenzuela,FirstClass,FR5678G,10000.000000
765,Jenny,Castillo,ExecutiveClass,FR5678G,33000.000000
766,Toby,Tapia,ExecutiveClass,FR5678G,20000.000000
767,Brynne,Reyes,ExecutiveClass,FR5678G,18000.000000
768,Blakeley,Guti√©rrez,ExecutiveClass,FR5678G,18000.000000
769,Egan,Castro,ExecutiveClass,FR5678G,10000.000000
770,Barbey,Pizarro,ExecutiveClass,FR5678G,20000.000000
771,Portia,√Ålvarez,ExecutiveClass,FR5678G,33000.000000
772,Alica,V√°squez,ExecutiveClass,FR5678G,37000.000000
773,Juliana,S√°nchez,ExecutiveClass,FR5678G,50000.000000
774,Barde,Fern√°ndez,ExecutiveClass,FR5678G,18000.000000
775,Wilie,Ram√≠rez,ExecutiveClass,FR5678G,30000.000000
776,Letta,Carrasco,ExecutiveClass,FR5678G,10000.000000
777,Ree,G√≥mez,ExecutiveClass,FR5678G,42000.000000
778,Ingmar,Cort√©s,ExecutiveClass,FR5678G,18000.000000
779,Melva,Herrera,ExecutiveClass,FR5678G,42000.000000
780,Tootsie,N√∫√±ez,ExecutiveClass,FR5678G,25000.000000
781,Felike,Jara,ExecutiveClass,FR5678G,33000.000000
782,Laughton,Vergara,ExecutiveClass,FR5678G,15000.000000
783,Crosby,Rivera,ExecutiveClass,FR5678G,12000.000000
784,Marianne,Figueroa,ExecutiveClass,FR5678G,33000.000000
785,Francine,Riquelme,ExecutiveClass,FR5678G,42000.000000
786,Edan,Garc√≠a,ExecutiveClass,FR5678G,50000.000000
787,Fayre,Miranda,ExecutiveClass,FR5678G,18000.000000
788,Adelaida,Bravo,ExecutiveClass,FR5678G,37000.000000
789,Florella,Vera,ExecutiveClass,FR5678G,25000.000000
790,Noll,Molina,ExecutiveClass,FR5678G,30000.000000
791,Ki,Vega,ExecutiveClass,FR5678G,42000.000000
792,Jermayne,Campos,ExecutiveClass,FR5678G,33000.000000
793,Grayce,Sandoval,ExecutiveClass,FR5678G,33000.000000
794,Harv,Orellana,ExecutiveClass,FR5678G,42000.000000
795,Lorianna,C√°rdenas,ExecutiveClass,FR5678G,15000.000000
796,Hersh,Olivares,ExecutiveClass,FR5678G,33000.000000
797,Diahann,Alarc√≥n,ExecutiveClass,FR5678G,33000.000000
798,Yelena,Gallardo,ExecutiveClass,FR5678G,50000.000000
799,Emmaline,Ortiz,ExecutiveClass,FR5678G,37000.000000
800,Daffi,Garrido,ExecutiveClass,FR5678G,12000.000000
801,Janine,Salazar,ExecutiveClass,FR5678G,50000.000000
802,Sheilah,Guzm√°n,ExecutiveClass,FR5678G,42000.000000
803,Lazaro,Henr√≠quez,ExecutiveClass,FR5678G,10000.000000
804,Earle,Saavedra,ExecutiveClass,FR5678G,30000.000000
805,Fred,Navarro,EconomyClass,FR5678G,25000.000000
806,Almira,Aguilera,EconomyClass,FR5678G,42000.000000
807,Wini,Parra,EconomyClass,FR5678G,37000.000000
808,Emanuel,Romero,EconomyClass,FR5678G,30000.000000
809,Obadias,Aravena,EconomyClass,FR5678G,10000.000000
810,Efrem,Vargas,EconomyClass,FR5678G,20000.000000
811,Susi,V√°zquez,EconomyClass,FR5678G,18000.000000
812,Maxy,C√°ceres,EconomyClass,FR5678G,15000.000000
813,Agnes,Y√°√±ez,EconomyClass,FR5678G,42000.000000
814,Obadiah,Leiva,EconomyClass,FR5678G,12000.000000
815,Lefty,Escobar,EconomyClass,FR5678G,50000.000000
816,Michele,Ruiz,EconomyClass,FR5678G,42000.000000
817,Cynthia,Vald√©s,EconomyClass,FR5678G,25000.000000
818,Hyatt,Vidal,EconomyClass,FR5678G,20000.000000
819,Roch,Salinas,EconomyClass,FR5678G,33000.000000
820,Mag,Z√∫√±iga,EconomyClass,FR5678G,12000.000000
821,Trevor,Pe√±a,EconomyClass,FR5678G,10000.000000
822,Jefferey,Godoy,EconomyClass,FR5678G,10000.000000
823,Tania,Lagos,EconomyClass,FR5678G,42000.000000
824,Mercie,Maldonado,EconomyClass,FR5678G,42000.000000
825,Andrei,Bustos,EconomyClass,FR5678G,10000.000000
826,Yetta,Medina,EconomyClass,FR5678G,25000.000000
827,Angeli,Pino,EconomyClass,FR5678G,20000.000000
828,Norbert,Palma,EconomyClass,FR5678G,20000.000000
829,Conan,Moreno,EconomyClass,FR5678G,20000.000000
830,Cale,Sanhueza,EconomyClass,FR5678G,50000.000000
831,Christina,Carvajal,EconomyClass,FR5678G,37000.000000
832,Olivier,Navarrete,EconomyClass,FR5678G,20000.000000
833,Oby,S√°ez,EconomyClass,FR5678G,12000.000000
834,Chad,Alvarado,EconomyClass,FR5678G,15000.000000
835,Adelle,Donoso,EconomyClass,FR5678G,10000.000000
836,Keene,Poblete,EconomyClass,FR5678G,25000.000000
837,Corrina,Bustamante,EconomyClass,FR5678G,50000.000000
838,Hashim,Toro,EconomyClass,FR5678G,50000.000000
839,Oralia,Ortega,EconomyClass,FR5678G,10000.000000
840,Wadsworth,Venegas,EconomyClass,FR5678G,30000.000000
841,Shelley,Guerrero,EconomyClass,FR5678G,15000.000000
842,Irv,Mendoza,EconomyClass,FR5678G,15000.000000
843,Grant,Far√≠as,EconomyClass,FR5678G,33000.000000
844,Bella,San Mart√≠n,EconomyClass,FR5678G,18000.000000
845,Yardley,Gonz√°lez,EconomyClass,FR5678G,50000.000000
846,Brendin,Fern√°ndez,EconomyClass,FR5678G,10000.000000
847,Estella,Rodr√≠guez,EconomyClass,FR5678G,42000.000000
848,Rasia,L√≥pez,EconomyClass,FR5678G,37000.000000
849,Gibb,Mart√≠nez,EconomyClass,FR5678G,20000.000000
850,Amanda,S√°nchez,EconomyClass,FR5678G,37000.000000
851,Sidoney,P√©rez,EconomyClass,FR5678G,20000.000000
852,Giacopo,G√≥mez,EconomyClass,FR5678G,18000.000000
853,Eve,Mart√≠n,EconomyClass,FR5678G,12000.000000
854,Levon,Jim√©nez,EconomyClass,FR5678G,25000.000000
855,Vassili,Ruiz,EconomyClass,FR5678G,33000.000000
856,Henrieta,Hern√°ndez,EconomyClass,FR5678G,30000.000000
857,Devlen,D√≠az,EconomyClass,FR5678G,37000.000000
858,Ophelie,Moreno,EconomyClass,FR5678G,37000.000000
859,Abramo,√Ålvarez,EconomyClass,FR5678G,37000.000000
860,Fair,Mu√±oz,EconomyClass,FR5678G,37000.000000
861,Pietrek,Romero,EconomyClass,FR5678G,25000.000000
862,Holden,Alonso,EconomyClass,FR5678G,50000.000000
863,Cherish,Guti√©rrez,EconomyClass,FR5678G,42000.000000
864,Alonzo,Navarro,EconomyClass,FR5678G,12000.000000
865,Devonna,Torres,EconomyClass,FR5678G,18000.000000
866,Rubi,Dom√≠nguez,EconomyClass,FR5678G,18000.000000
867,Emmanuel,V√°zquez,EconomyClass,FR5678G,30000.000000
868,Trumaine,Ramos,EconomyClass,FR5678G,42000.000000
869,Malory,Gonz√°lez,EconomyClass,FR5678G,42000.000000
870,Pearla,Mu√±oz,EconomyClass,FR5678G,33000.000000
871,Phelia,Rojas,EconomyClass,FR5678G,33000.000000
872,Madonna,D√≠az,EconomyClass,FR5678G,10000.000000
873,Thomasa,P√©rez,EconomyClass,FR5678G,18000.000000
874,Estella,Soto,EconomyClass,FR5678G,20000.000000
875,Saw,Contreras,EconomyClass,FR5678G,15000.000000
876,Cecil,Silva,EconomyClass,FR5678G,37000.000000
877,Mac,Mart√≠nez,EconomyClass,FR5678G,25000.000000
878,Ralf,Sep√∫lveda,EconomyClass,FR5678G,12000.000000
879,Barbey,Morales,EconomyClass,FR5678G,12000.000000
880,Josi,Rodr√≠guez,EconomyClass,FR5678G,18000.000000
881,Kenna,L√≥pez,EconomyClass,FR5678G,25000.000000
882,Rina,Fuentes,EconomyClass,FR5678G,25000.000000
883,Callida,Hern√°ndez,EconomyClass,FR5678G,33000.000000
884,Lona,Torres,EconomyClass,FR5678G,30000.000000
885,Jan,Araya,EconomyClass,FR5678G,18000.000000
886,Bailey,Flores,EconomyClass,FR5678G,30000.000000
887,Guillermo,Espinoza,EconomyClass,FR5678G,42000.000000
888,Katlin,Valenzuela,EconomyClass,FR5678G,25000.000000
889,Flo,Castillo,EconomyClass,FR5678G,42000.000000
890,Madel,Tapia,EconomyClass,FR5678G,12000.000000
891,Conant,Reyes,EconomyClass,FR5678G,37000.000000
892,Devland,Guti√©rrez,EconomyClass,FR5678G,10000.000000
893,Annamarie,Castro,EconomyClass,FR5678G,20000.000000
894,Gabbie,Pizarro,EconomyClass,FR5678G,42000.000000
895,Frasquito,√Ålvarez,EconomyClass,FR5678G,15000.000000
896,Oberon,V√°squez,EconomyClass,FR5678G,15000.000000
897,Gabriell,S√°nchez,EconomyClass,FR5678G,10000.000000
898,Ki,Fern√°ndez,FirstClass,BR3456J,30000.000000
899,Martelle,Ram√≠rez,FirstClass,BR3456J,15000.000000
900,Riccardo,Carrasco,FirstClass,BR3456J,42000.000000
901,Shaughn,G√≥mez,FirstClass,BR3456J,50000.000000
902,Coral,Cort√©s,FirstClass,BR3456J,18000.000000
903,Judas,Herrera,FirstClass,BR3456J,10000.000000
904,Josiah,N√∫√±ez,FirstClass,BR3456J,12000.000000
905,Freda,Jara,FirstClass,BR3456J,42000.000000
906,Lynn,Vergara,ExecutiveClass,BR3456J,37000.000000
907,Tabb,Rivera,ExecutiveClass,BR3456J,50000.000000
908,Brittany,Figueroa,EconomyClass,MM0987B,18000.000000
909,Leo,Riquelme,EconomyClass,MM0987B,42000.000000
910,Atlante,Garc√≠a,EconomyClass,MM0987B,33000.000000
911,Maurie,Miranda,EconomyClass,MM0987B,50000.000000
912,Oren,Bravo,EconomyClass,MM0987B,20000.000000
913,Anetta,Vera,EconomyClass,MM0987B,10000.000000
914,Curry,Molina,EconomyClass,MM0987B,20000.000000
915,Tyrone,Vega,EconomyClass,MM0987B,15000.000000
916,Saunder,Campos,EconomyClass,MM0987B,37000.000000
917,Luis,Sandoval,EconomyClass,MM0987B,12000.000000
918,Alysia,Orellana,EconomyClass,MM0987B,37000.000000
919,Calypso,C√°rdenas,ExecutiveClass,BR3456J,12000.000000
920,Gretna,Olivares,ExecutiveClass,BR3456J,42000.000000
921,Odie,Alarc√≥n,ExecutiveClass,BR3456J,20000.000000
922,Wenda,Gallardo,ExecutiveClass,BR3456J,12000.000000
923,Ezekiel,Ortiz,ExecutiveClass,BR3456J,20000.000000
924,Orlan,Garrido,ExecutiveClass,BR3456J,25000.000000
925,Wittie,Salazar,ExecutiveClass,BR3456J,37000.000000
926,Abbie,Guzm√°n,EconomyClass,BR3456J,18000.000000
927,Robinia,Henr√≠quez,EconomyClass,BR3456J,10000.000000
928,Hayden,Saavedra,EconomyClass,BR3456J,30000.000000
929,Melody,Navarro,EconomyClass,BR3456J,20000.000000
930,Emory,Aguilera,EconomyClass,BR3456J,37000.000000
931,Callie,Parra,EconomyClass,BR3456J,10000.000000
932,Debby,Romero,EconomyClass,IB0800A,18000.000000
933,Gui,Aravena,EconomyClass,IB0800A,20000.000000
934,Dorette,Vargas,EconomyClass,IB0800A,37000.000000
935,Jillane,V√°zquez,EconomyClass,IB0800A,37000.000000
936,Carolina,C√°ceres,EconomyClass,IB0800A,33000.000000
937,Randy,Y√°√±ez,EconomyClass,IB0800A,15000.000000
938,Arabel,Leiva,EconomyClass,IB0800A,50000.000000
939,Verina,Escobar,EconomyClass,IB0800A,37000.000000
940,Josefina,Ruiz,EconomyClass,IB0800A,30000.000000
941,Nina,Vald√©s,EconomyClass,IB0800A,25000.000000
942,Vernen,Vidal,EconomyClass,IB0800A,18000.000000
943,Loria,Salinas,EconomyClass,IB0800A,25000.000000
944,Isabeau,Z√∫√±iga,EconomyClass,BA2491A,37000.000000
945,Cherice,Pe√±a,EconomyClass,BR3456J,15000.000000
946,Kimberley,Godoy,EconomyClass,BR3456J,18000.000000
947,Martyn,Lagos,EconomyClass,BR3456J,25000.000000
948,Agustin,Maldonado,EconomyClass,BR3456J,25000.000000
949,Clerissa,Bustos,EconomyClass,BR3456J,15000.000000
950,Lonna,Medina,EconomyClass,BR3456J,10000.000000
951,Wake,Pino,EconomyClass,BR3456J,25000.000000
952,Edwina,Palma,EconomyClass,MM0987B,42000.000000
953,Lacey,Moreno,EconomyClass,MM0987B,50000.000000
954,Laetitia,Sanhueza,EconomyClass,MM0987B,33000.000000
955,Delila,Carvajal,EconomyClass,MM0987B,20000.000000
956,Sioux,Navarrete,EconomyClass,MM0987B,12000.000000
957,Floyd,S√°ez,EconomyClass,MM0987B,15000.000000
958,Trista,Alvarado,EconomyClass,BR3456J,50000.000000
959,Shaughn,Donoso,EconomyClass,BR3456J,15000.000000
960,Zitella,Poblete,EconomyClass,BR3456J,42000.000000
961,Ginnie,Bustamante,EconomyClass,BR3456J,15000.000000
962,Burty,Toro,EconomyClass,BR3456J,12000.000000
963,Arley,Ortega,EconomyClass,BR3456J,33000.000000
964,Ansley,Venegas,EconomyClass,BR3456J,37000.000000
965,Kirstin,Guerrero,EconomyClass,BR3456J,12000.000000
966,Karon,Mendoza,EconomyClass,BR3456J,10000.000000
967,Esme,Far√≠as,EconomyClass,BR3456J,37000.000000
968,Berenice,San Mart√≠n,EconomyClass,IB0800A,10000.000000
969,Charlie,Gonz√°lez,EconomyClass,IB0800A,50000.000000
970,Noach,Fern√°ndez,EconomyClass,IB0800A,12000.000000
971,Mercedes,Rodr√≠guez,EconomyClass,IB0800A,12000.000000
972,Sloan,L√≥pez,EconomyClass,IB0800A,42000.000000
973,Guglielma,Mart√≠nez,EconomyClass,IB0800A,15000.000000
974,Herrick,S√°nchez,EconomyClass,IB0800A,30000.000000
975,Aleksandr,P√©rez,EconomyClass,IB0800A,42000.000000
976,Arlina,G√≥mez,EconomyClass,IB0800A,33000.000000
977,Wenonah,Mart√≠n,EconomyClass,IB0800A,12000.000000
978,Warner,Jim√©nez,EconomyClass,IB0800A,30000.000000
979,Libbey,Ruiz,EconomyClass,BA2491A,42000.000000
980,Brana,Hern√°ndez,EconomyClass,BA2491A,10000.000000
981,Genevieve,D√≠az,EconomyClass,BA2491A,20000.000000
982,Sharai,Moreno,EconomyClass,BA2491A,10000.000000
983,Josi,√Ålvarez,EconomyClass,BA2491A,12000.000000
984,Pebrook,Mu√±oz,EconomyClass,BA2491A,33000.000000
985,Erna,Romero,EconomyClass,BA2491A,33000.000000
986,Ferd,Alonso,EconomyClass,BA2491A,25000.000000
987,Mohammed,Guti√©rrez,EconomyClass,BA2491A,42000.000000
988,Dawn,Navarro,EconomyClass,BA2491A,37000.000000
989,Wandie,Torres,EconomyClass,BA2491A,25000.000000
990,Chiarra,Dom√≠nguez,EconomyClass,MM0987B,18000.000000
991,Zaccaria,V√°zquez,EconomyClass,MM0987B,33000.000000
992,Trenna,Ramos,EconomyClass,MM0987B,10000.000000
993,Angelia,Moreno,EconomyClass,MM0987B,50000.000000
994,Raquela,√Ålvarez,EconomyClass,MM0987B,12000.000000
995,Maxi,Mu√±oz,EconomyClass,MM0987B,18000.000000
996,Atalanta,Romero,EconomyClass,MM0987B,37000.000000
997,De witt,Alonso,EconomyClass,MM0987B,12000.000000
998,Jaye,Guti√©rrez,EconomyClass,MM0987B,25000.000000
999,Tamarra,Navarro,EconomyClass,MM0987B,15000.000000
1000,Saleem,Torres,EconomyClass,MM0987B,20000.000000
1001,Jose,Perez,25,Laralala,25000.000000
